{"basic":39.965301513671875,"big":29.837946,"big_cheap":44.738651,"unstructured":8.879117548465729,"minimal":29.25,"easy":29.34375}