{"fantasy_map_1560976821363.png":[233.394,413.002],"fantasy_map_1560976853546.png":[206.60828571428578,414.975],"fantasy_map_1560976873961.png":[140.76007142857156,279.448],"fantasy_map_1560976725599.png":[116.98775000000012,277.475],"fantasy_map_1560977229084.png":[75.3861875,275.502],"fantasy_map_1560976900330.png":[254.22733333333338,414.975],"fantasy_map_1560976804519.png":[127.388140625,279.448],"fantasy_map_1560976890783.png":[33.78462500000011,139.975]}